Workbook

Sheet Experiment Log
A1: Experiment ID | B1: Experiment Name | C1: Category | D1: Config / Description | E1: Date Tested | F1: Target Contextual Recall | G1: Target Contextual Precision | H1: Target Recall Pass Rate | I1: Target Precision Pass Rate | J1: Measured Contextual Recall | K1: Measured Contextual Precision | L1: Measured Recall Pass Rate | M1: Measured Precision Pass Rate | N1: Recall Target Met? | O1: Precision Target Met? | P1: Overall Pass Rate | Q1: Overall Pass Rate Met? | R1: Notes / Hypothesis
A2: EXP-01 | B2: Baseline - Vector Search Only | C2: Baseline | D2: Query -> dense vector search -> top-K (k=5) | F2: 0.85 | G2: 0.8 | H2: 0.85 | I2: 0.8 | J2: 0.88 | K2: 0.78 | L2: 0.825 | M2: 0.85 | N2: =IF(OR(F2="",J2=""),"",IF(J2>=F2,"PASS","FAIL")) -> PASS | O2: =IF(OR(G2="",K2=""),"",IF(K2>=G2,"PASS","FAIL")) -> FAIL | P2: 0.7 | Q2: FAIL | R2: Current best baseline.
A3: EXP-02 | B3: Hybrid + Reranker (MiniLM) | C3: Hybrid | D3: Dense+BM25 -> RRF (0.5/0.5) -> cross-encoder rerank (ms-marco-MiniLM-L-6-v2), top_k*4 candidates -> top-5 | F3: 0.85 | G3: 0.8 | H3: 0.85 | I3: 0.8 | J3: 0.85 | K3: 0.81 | L3: 0.825 | M3: 0.8 | N3: =IF(OR(F3="",J3=""),"",IF(J3>=F3,"PASS","FAIL")) -> PASS | O3: =IF(OR(G3="",K3=""),"",IF(K3>=G3,"PASS","FAIL")) -> PASS | R3: Underperforms baseline. Case 25: reranker promotes irrelevant nodes (e.g. trip cancellation) over relevant ones.
A4: EXP-03 | B4: Chunk size / tokenizer audit | C4: Diagnostic | D4: Verify chunk_size=1000 is characters not tokens; confirm no chunk exceeds reranker's max sequence length | F4: 0.85 | G4: 0.8 | H4: 0.85 | I4: 0.8 | N4: =IF(OR(F4="",J4=""),"",IF(J4>=F4,"PASS","FAIL")) | O4: =IF(OR(G4="",K4=""),"",IF(K4>=G4,"PASS","FAIL")) | R4: Diagnostic only - run before further reranker changes.
A5: EXP-04 | B5: Reranker swap | C5: Reranker | D5: Replace ms-marco-MiniLM-L-6-v2 with bge-reranker-v2-m3, RRF 0.6/0.4, top_k=10 | F5: 0.85 | G5: 0.8 | H5: 0.85 | I5: 0.8 | J5: 0.98 | K5: 0.9 | L5: 0.95 | M5: 0.975 | N5: =IF(OR(F5="",J5=""),"",IF(J5>=F5,"PASS","FAIL")) -> PASS | O5: =IF(OR(G5="",K5=""),"",IF(K5>=G5,"PASS","FAIL")) -> PASS | P5: 0.925 | Q5: PASS
A6: EXP-05 | B6: RRF weight sweep | C6: Fusion | D6: Dense-favored fusion weights (e.g. 0.7 dense / 0.3 BM25), original MiniLM reranker | F6: 0.85 | G6: 0.8 | H6: 0.85 | I6: 0.8 | N6: =IF(OR(F6="",J6=""),"",IF(J6>=F6,"PASS","FAIL")) | O6: =IF(OR(G6="",K6=""),"",IF(K6>=G6,"PASS","FAIL"))
A7: EXP-06 | B7: Vector search, top_k=10 | C7: Retrieval Strategy | D7: Same baseline pipeline as EXP-01, top_k raised from 5 to 10 | F7: 0.85 | G7: 0.8 | H7: 0.85 | I7: 0.8 | J7: 0.9 | K7: 0.76 | L7: 0.825 | M7: 0.825 | N7: =IF(OR(F7="",J7=""),"",IF(J7>=F7,"PASS","FAIL")) -> PASS | O7: =IF(OR(G7="",K7=""),"",IF(K7>=G7,"PASS","FAIL")) -> FAIL | P7: 0.675 | Q7: FAIL
A8: EXP-07 | B8: Section-aware / parent-child chunking | C8: Chunking | D8: Preserve document section boundaries during chunking; verify add-on clauses aren't split awkwardly | F8: 0.85 | G8: 0.8 | H8: 0.85 | I8: 0.8 | N8: =IF(OR(F8="",J8=""),"",IF(J8>=F8,"PASS","FAIL")) | O8: =IF(OR(G8="",K8=""),"",IF(K8>=G8,"PASS","FAIL"))
A9: EXP-08 | B9: Multi-query decomposition | C9: Retrieval Strategy | D9: Decompose multi-section questions into sub-queries, retrieve per sub-query, merge results | F9: 0.85 | G9: 0.8 | H9: 0.85 | I9: 0.8 | N9: =IF(OR(F9="",J9=""),"",IF(J9>=F9,"PASS","FAIL")) | O9: =IF(OR(G9="",K9=""),"",IF(K9>=G9,"PASS","FAIL"))
N10: =IF(OR(F10="",J10=""),"",IF(J10>=F10,"PASS","FAIL")) | O10: =IF(OR(G10="",K10=""),"",IF(K10>=G10,"PASS","FAIL"))
N11: =IF(OR(F11="",J11=""),"",IF(J11>=F11,"PASS","FAIL")) | O11: =IF(OR(G11="",K11=""),"",IF(K11>=G11,"PASS","FAIL"))
N12: =IF(OR(F12="",J12=""),"",IF(J12>=F12,"PASS","FAIL")) | O12: =IF(OR(G12="",K12=""),"",IF(K12>=G12,"PASS","FAIL"))
N13: =IF(OR(F13="",J13=""),"",IF(J13>=F13,"PASS","FAIL")) | O13: =IF(OR(G13="",K13=""),"",IF(K13>=G13,"PASS","FAIL"))
N14: =IF(OR(F14="",J14=""),"",IF(J14>=F14,"PASS","FAIL")) | O14: =IF(OR(G14="",K14=""),"",IF(K14>=G14,"PASS","FAIL"))
N15: =IF(OR(F15="",J15=""),"",IF(J15>=F15,"PASS","FAIL")) | O15: =IF(OR(G15="",K15=""),"",IF(K15>=G15,"PASS","FAIL"))

Sheet Case-Level Tracking
A1: Experiment ID | B1: Experiment Name | C1: Case ID | D1: Question | E1: Contextual Recall | F1: Contextual Precision | G1: Recall Pass? | H1: Precision Pass? | I1: Notes
A2: EXP-01 | B2: =IFERROR(INDEX('Experiment Log'!$B$2:$B$15,MATCH(A2,'Experiment Log'!$A$2:$A$15,0)),"") -> Baseline - Vector Search Only | C2: 25 | D2: =IFERROR(INDEX('Golden Test Cases'!$B$2:$B$41,MATCH(C2,'Golden Test Cases'!$A$2:$A$41,0)),"") -> If a policyholder dies by suicide during an overseas trip, will their family receive any payout? | E2: 0.62 | F2: 1 | G2: =IF(E2="","",IF(E2>=#REF!,"PASS","FAIL")) -> #REF! | H2: =IF(F2="","",IF(F2>=#REF!,"PASS","FAIL")) -> #REF! | I2: Retrieved nodes highly relevant but missed some required multi-section content.
A3: EXP-02 | B3: =IFERROR(INDEX('Experiment Log'!$B$2:$B$15,MATCH(A3,'Experiment Log'!$A$2:$A$15,0)),"") -> Hybrid + Reranker (MiniLM) | C3: 25 | D3: =IFERROR(INDEX('Golden Test Cases'!$B$2:$B$41,MATCH(C3,'Golden Test Cases'!$A$2:$A$41,0)),"") -> If a policyholder dies by suicide during an overseas trip, will their family receive any payout? | E3: 0.38 | F3: 0.45 | G3: =IF(E3="","",IF(E3>=#REF!,"PASS","FAIL")) -> #REF! | H3: =IF(F3="","",IF(F3>=#REF!,"PASS","FAIL")) -> #REF! | I3: Relevant suicide-related nodes retrieved but ranked below irrelevant nodes (e.g. trip cancellation).
A4: EXP-06 | B4: =IFERROR(INDEX('Experiment Log'!$B$2:$B$15,MATCH(A4,'Experiment Log'!$A$2:$A$15,0)),"") -> Vector search, top_k=10 | C4: 25 | D4: =IFERROR(INDEX('Golden Test Cases'!$B$2:$B$41,MATCH(C4,'Golden Test Cases'!$A$2:$A$41,0)),"") -> If a policyholder dies by suicide during an overseas trip, will their family receive any payout? | G4: PASS | H4: PASS
B5: =IFERROR(INDEX('Experiment Log'!$B$2:$B$15,MATCH(A5,'Experiment Log'!$A$2:$A$15,0)),"") | D5: =IFERROR(INDEX('Golden Test Cases'!$B$2:$B$41,MATCH(C5,'Golden Test Cases'!$A$2:$A$41,0)),"") | G5: =IF(E5="","",IF(E5>=#REF!,"PASS","FAIL")) | H5: =IF(F5="","",IF(F5>=#REF!,"PASS","FAIL"))
B6: =IFERROR(INDEX('Experiment Log'!$B$2:$B$15,MATCH(A6,'Experiment Log'!$A$2:$A$15,0)),"") | D6: =IFERROR(INDEX('Golden Test Cases'!$B$2:$B$41,MATCH(C6,'Golden Test Cases'!$A$2:$A$41,0)),"") | G6: =IF(E6="","",IF(E6>=#REF!,"PASS","FAIL")) | H6: =IF(F6="","",IF(F6>=#REF!,"PASS","FAIL"))
B7: =IFERROR(INDEX('Experiment Log'!$B$2:$B$15,MATCH(A7,'Experiment Log'!$A$2:$A$15,0)),"") | D7: =IFERROR(INDEX('Golden Test Cases'!$B$2:$B$41,MATCH(C7,'Golden Test Cases'!$A$2:$A$41,0)),"") | G7: =IF(E7="","",IF(E7>=#REF!,"PASS","FAIL")) | H7: =IF(F7="","",IF(F7>=#REF!,"PASS","FAIL"))
B8: =IFERROR(INDEX('Experiment Log'!$B$2:$B$15,MATCH(A8,'Experiment Log'!$A$2:$A$15,0)),"") | D8: =IFERROR(INDEX('Golden Test Cases'!$B$2:$B$41,MATCH(C8,'Golden Test Cases'!$A$2:$A$41,0)),"") | G8: =IF(E8="","",IF(E8>=#REF!,"PASS","FAIL")) | H8: =IF(F8="","",IF(F8>=#REF!,"PASS","FAIL"))
B9: =IFERROR(INDEX('Experiment Log'!$B$2:$B$15,MATCH(A9,'Experiment Log'!$A$2:$A$15,0)),"") | D9: =IFERROR(INDEX('Golden Test Cases'!$B$2:$B$41,MATCH(C9,'Golden Test Cases'!$A$2:$A$41,0)),"") | G9: =IF(E9="","",IF(E9>=#REF!,"PASS","FAIL")) | H9: =IF(F9="","",IF(F9>=#REF!,"PASS","FAIL"))
B10: =IFERROR(INDEX('Experiment Log'!$B$2:$B$15,MATCH(A10,'Experiment Log'!$A$2:$A$15,0)),"") | D10: =IFERROR(INDEX('Golden Test Cases'!$B$2:$B$41,MATCH(C10,'Golden Test Cases'!$A$2:$A$41,0)),"") | G10: =IF(E10="","",IF(E10>=#REF!,"PASS","FAIL")) | H10: =IF(F10="","",IF(F10>=#REF!,"PASS","FAIL"))
B11: =IFERROR(INDEX('Experiment Log'!$B$2:$B$15,MATCH(A11,'Experiment Log'!$A$2:$A$15,0)),"") | D11: =IFERROR(INDEX('Golden Test Cases'!$B$2:$B$41,MATCH(C11,'Golden Test Cases'!$A$2:$A$41,0)),"") | G11: =IF(E11="","",IF(E11>=#REF!,"PASS","FAIL")) | H11: =IF(F11="","",IF(F11>=#REF!,"PASS","FAIL"))
B12: =IFERROR(INDEX('Experiment Log'!$B$2:$B$15,MATCH(A12,'Experiment Log'!$A$2:$A$15,0)),"") | D12: =IFERROR(INDEX('Golden Test Cases'!$B$2:$B$41,MATCH(C12,'Golden Test Cases'!$A$2:$A$41,0)),"") | G12: =IF(E12="","",IF(E12>=#REF!,"PASS","FAIL")) | H12: =IF(F12="","",IF(F12>=#REF!,"PASS","FAIL"))
B13: =IFERROR(INDEX('Experiment Log'!$B$2:$B$15,MATCH(A13,'Experiment Log'!$A$2:$A$15,0)),"") | D13: =IFERROR(INDEX('Golden Test Cases'!$B$2:$B$41,MATCH(C13,'Golden Test Cases'!$A$2:$A$41,0)),"") | G13: =IF(E13="","",IF(E13>=#REF!,"PASS","FAIL")) | H13: =IF(F13="","",IF(F13>=#REF!,"PASS","FAIL"))
B14: =IFERROR(INDEX('Experiment Log'!$B$2:$B$15,MATCH(A14,'Experiment Log'!$A$2:$A$15,0)),"") | D14: =IFERROR(INDEX('Golden Test Cases'!$B$2:$B$41,MATCH(C14,'Golden Test Cases'!$A$2:$A$41,0)),"") | G14: =IF(E14="","",IF(E14>=#REF!,"PASS","FAIL")) | H14: =IF(F14="","",IF(F14>=#REF!,"PASS","FAIL"))
B15: =IFERROR(INDEX('Experiment Log'!$B$2:$B$15,MATCH(A15,'Experiment Log'!$A$2:$A$15,0)),"") | D15: =IFERROR(INDEX('Golden Test Cases'!$B$2:$B$41,MATCH(C15,'Golden Test Cases'!$A$2:$A$41,0)),"") | G15: =IF(E15="","",IF(E15>=#REF!,"PASS","FAIL")) | H15: =IF(F15="","",IF(F15>=#REF!,"PASS","FAIL"))
B16: =IFERROR(INDEX('Experiment Log'!$B$2:$B$15,MATCH(A16,'Experiment Log'!$A$2:$A$15,0)),"") | D16: =IFERROR(INDEX('Golden Test Cases'!$B$2:$B$41,MATCH(C16,'Golden Test Cases'!$A$2:$A$41,0)),"") | G16: =IF(E16="","",IF(E16>=#REF!,"PASS","FAIL")) | H16: =IF(F16="","",IF(F16>=#REF!,"PASS","FAIL"))
... B31: =IFERROR(INDEX('Experiment Log'!$B$2:$B$15,MATCH(A31,'Experiment Log'!$A$2:$A$15,0)),"") | D31: =IFERROR(INDEX('Golden Test Cases'!$B$2:$B$41,MATCH(C31,'Golden Test Cases'!$A$2:$A$41,0)),"") | G31: =IF(E31="","",IF(E31>=#REF!,"PASS","FAIL")) | H31: =IF(F31="","",IF(F31>=#REF!,"PASS","FAIL"))

Sheet Golden Test Cases
A1: Case ID | B1: Question | C1: Policy Type | D1: Multi-Section? | E1: Expected Answer Summary | F1: Notes
A2: 1
A3: 2
A4: 3
A5: 4
A6: 5
A7: 6
A8: 7
A9: 8
A10: 9
A11: 10
A12: 11
A13: 12
... A25: 24
A26: 25 | B26: If a policyholder dies by suicide during an overseas trip, will their family receive any payout? | C26: travel | D26: Y | E26: Suicide/self-inflicted injury exclusion under Sections 1, 2 and 3; excludes Medical Expenses, Medical Evacuation, Repatriation and Personal Accident benefits; optional Section 26 - Suicide add-on cover with a possible one-time payment; student-plan availability, additional premium, 6-month waiting period. | F26: Example row - reference case from initial eval.
A27: 26
A28: 27
A29: 28
A30: 29
A31: 30
A32: 31
A33: 32
A34: 33
A35: 34
A36: 35
A37: 36
A38: 37
... A41: 40
